{"train/loss": 10.3735, "train/grad_norm": 0.0, "train/learning_rate": 0.00019898166539212658, "train/epoch": 0.05, "train/global_step": 198, "_timestamp": 1712924827.7981899, "_runtime": 125.56830382347107, "_step": 197}